Performance_Level,total_sales,total_quantity,avg_discount,avg_items_per_txn,Product Count
Low Performer,469583.1703128797,465.3280680437424,0.26058873319567605,5.414084471072832,3292
Mid Performer,475712.9149201495,471.6408426775399,0.23722784393069096,5.60541508851223,2943
Top Performer,560618.7194102019,553.3342189160468,0.2504940336004089,5.5009441878465815,3764
