Top Performer Avg Discount,Mid Performer Avg Discount,Top Performer Avg Items/Txn,Mid Performer Avg Items/Txn,Top Performer Avg Sales,Mid Performer Avg Sales
0.25049403360040895,0.23722784393069096,5.5009441878465815,5.6054150885122285,560618.719410202,475712.91492014955
