Model,MAE,MSE,RMSE,R2 Score
Linear Regression,110644.24782182575,18970585287.388206,137733.7478158066,-0.02194171720992899
Random Forest,111091.30369213727,19194627233.00753,138544.6759460916,-0.034010812979234695
XGBoost,111073.09918918922,19050169606.718575,138022.35183736935,-0.02622890891895513
